ID,Name,Glottocode,Glottolog_Name,ISO639P3code,Macroarea,Latitude,Longitude,Family,NameInSource,NumberInSource,Order,FamilyInSource,SubGroup
JAPANESE,JAPANESE,nucl1643,Japanese,jpn,Eurasia,35.0,135.0,Japonic,Japanese,,1,,
AINU,AINU,sakh1245,Sakhalin Ainu,,Eurasia,48.141866,142.329834,Ainu,Ainu,,2,,
KOREAN,KOREAN,kore1280,Korean,kor,Eurasia,37.54,126.98,Koreanic,Korean,,3,,
TURKI,TURKI,nucl1301,Turkish,tur,Eurasia,39.8667,32.8667,Turkic,Turkī,,4,,
MANCHU,MANCHU,manc1252,Manchu,mnc,Eurasia,47.31225,126.55713,Tungusic,Manchu,,5,,
MONGOLIAN,MONGOLIAN,mong1331,Mongolian,mon,Eurasia,,,Mongolic-Khitan,Mongolian,,6,,
SAKUPA,SAKUPA,,,,,,,,Sakupà,,7,,
BASQUE,BASQUE,basq1248,Basque,eus,Eurasia,43.2787,-1.31622,Basque,Basque,,9,,
BURUSHASKI,BURUSHASKI,buru1296,Burushaski,bsk,Eurasia,36.2161,74.8236,Burushaski,Burušaskī,850.,10,,
MALAY,MALAY,baba1267,Baba Malay,mbf,Eurasia,1.75414,103.076,Austronesian,Malay,2.,11,Austronesian,
CHAM,CHAM,cham1328,Cham,,,,,Austronesian,Cham,,12,Austronesian,
SALON,SALON,moke1242,Moken,mwt,Eurasia,10.1474,98.6765,Austronesian,Salôn,1.,13,Austronesian,
KHMER,KHMER,cent1989,Central Khmer,khm,Eurasia,12.0515,105.015,Austroasiatic,K’mēr,,14,Austro-Asiatic,Mon-Khmer
TALAINGWRITTEN,TALAING_WRITTEN,monn1252,Mon,mnw,Eurasia,15.49394,98.122465,Austroasiatic,"Talaing, written",3.,15,Austro-Asiatic,Mon-Khmer
TALAINGSPOKEN,TALAING_SPOKEN,monn1252,Mon,,Eurasia,15.49394,98.122465,Austroasiatic,"Talaing, spoken",,16,Austro-Asiatic,Mon-Khmer
SAKAI,SAKAI,seno1278,Senoic,,,,,Austroasiatic,Sakai,,17,Austro-Asiatic,Sakai-Semang
SEMANG,SEMANG,nort2682,North Aslian,,,,,Austroasiatic,Sěmang,,18,Austro-Asiatic,Sakai-Semang
PALAUNG,PALAUNG,ruma1248,Rumai Palaung,rbb,Eurasia,23.6404,97.3172,Austroasiatic,Palaung,4.,19,Austro-Asiatic,Palaung-Wa
KATURR,KATURR,,,,,,,,Katuṟṟ,,20,Austro-Asiatic,Palaung-Wa
DARANG,DARANG,ruch1235,Ruching Palaung,pce,Eurasia,21.6176,98.0915,Austroasiatic,Darāng,,21,Austro-Asiatic,Palaung-Wa
WA,WA,nucl1290,Zhenkang Wa,wbm,Eurasia,23.1024,99.108,Austroasiatic,Wa,5.,22,Austro-Asiatic,Palaung-Wa
SON,SON,sonn1238,Son,wbm,Eurasia,23.1024,99.108,Austroasiatic,Sǒn,,23,Austro-Asiatic,Palaung-Wa
EN,EN,ennn1242,En (China),wbm,Eurasia,23.1024,99.108,Austroasiatic,En,,24,Austro-Asiatic,Palaung-Wa
TAILOI,TAI_LOI,tail1246,Muak,tlq,Eurasia,21.4293,100.985,Austroasiatic,Tai-loi,,25,Austro-Asiatic,Palaung-Wa
AMOK,A_MOK,mokk1243,Mok,mqt,Eurasia,18.9117,99.5821,Austroasiatic,A Mǒk,,26,Austro-Asiatic,Palaung-Wa
ANGKU,ANG_KU,huuu1240,Hu,huo,Eurasia,22.0163,100.881,Austroasiatic,Āng-kū,,27,Austro-Asiatic,Palaung-Wa
MOENGLWE,MOENG_LWE,,,,,,,,Möng Lwe,,28,Austro-Asiatic,Palaung-Wa
DANAO,DANAO,dana1252,Danau,dnu,Eurasia,20.4957,96.998,Austroasiatic,Danå,,29,Austro-Asiatic,Palaung-Wa
YINRIANG,YIN_RIANG,rian1261,Riang (Myanmar),ril,Eurasia,24.0521,98.8333,Austroasiatic,Yin/Riang,,30,Austro-Asiatic,Palaung-Wa
KHAMUK,KHA_MUK,khmu1255,Khmu',kjg,,,,Austroasiatic,K’a Muk,,31,Austro-Asiatic,Palaung-Wa
KHASISTANDARD,KHASI_STANDARD,khas1269,Khasi,kha,Eurasia,24.977,91.9998,Austroasiatic,"K’āsī, Standard",8.,32,Austro-Asiatic,Khaasii
WAR,WAR,warj1242,War-Jaintia,aml,Eurasia,25.1154,91.6266,Austroasiatic,Wār,12.,33,Austro-Asiatic,Khaasii
NICOBARESE,NICOBARESE,cent1990,Central Nicobarese,ncb,Eurasia,7.94812,93.3921,Austroasiatic,Nicobarese,13.,34,Austro-Asiatic,Nicobarese
KHERWARISANTHALI,KHERWARI_SANTHALI,sant1410,Santali,sat,Eurasia,25.0317,87.8185,Austroasiatic,"K’erwārī, Santālī",15.,35,Austro-Asiatic,Munda
MUNDARI,MUNDARI,mund1320,Mundari,unr,Eurasia,23.03,85.85,Austroasiatic,Muṇḍārī,16.,36,Austro-Asiatic,Munda
KURKU,KURKU,kork1243,Korku,kfq,Eurasia,21.8358,77.5541,Austroasiatic,Kūrkū,26.,37,Austro-Asiatic,Munda
KHARIA,KHARIA,khar1287,Kharia,khr,Eurasia,22.3571,84.3922,Austroasiatic,K’aṛiā,27.,38,Austro-Asiatic,Munda
JUANG,JUANG,juan1238,Juang,jun,Eurasia,21.2606,85.5845,Austroasiatic,Juāṅg,28.,39,Austro-Asiatic,Munda
SAVARA,SAVARA,sora1254,Sora,srb,Eurasia,19.1213,84.19,Austroasiatic,Savara,29.,40,Austro-Asiatic,Munda
GADABA,GADABA,bodo1267,Bodo Gadaba,gbj,Eurasia,18.3857,82.771,Austroasiatic,Gadabā,30.,41,Austro-Asiatic,Munda
MANDARIN,MANDARIN,mand1415,Mandarin Chinese,cmn,Eurasia,40.0209,116.228,Sino-Tibetan,Mandarin,,42,Sinitic,Tai-Chinese
CANTONESE,CANTONESE,cant1236,Cantonese,,Eurasia,23.0118,113.2021,Sino-Tibetan,Cantonese,,43,Sinitic,Tai-Chinese
GYAOMI,GYAOMI,mand1415,Mandarin Chinese,cmn,Eurasia,40.0209,116.228,Sino-Tibetan,Gyåmi,,44,Sinitic,Tai-Chinese
SIAMESEWRITTEN,SIAMESE_WRITTEN,thai1261,Thai,tha,Eurasia,14.192,100.671,Tai-Kadai,"Siamese, written",45.,45,Sinitic,Tai-Chinese
SIAMESESPOKEN,SIAMESE_SPOKEN,thai1261,Thai,,Eurasia,14.192,100.671,Tai-Kadai,"Siamese, spoken",,46,Sinitic,Tai-Chinese
LU,LU,luuu1242,Lü,khb,Eurasia,21.0321,101.282,Tai-Kadai,Lü,46.,48,Sinitic,Tai-Chinese
KHUN,KHUN,khun1259,Khün,kkh,Eurasia,19.6062,99.3363,Tai-Kadai,K’ün,47.,49,Sinitic,Tai-Chinese
SHAN,SHAN,shan1277,Shan,shn,Eurasia,21.5995,98.0342,Tai-Kadai,Šàn,49.,50,Sinitic,Tai-Chinese
AHOM,AHOM,ahom1240,Ahom,aho,Eurasia,27.2778,88.464,Tai-Kadai,Āhom,51.,51,Sinitic,Tai-Chinese
KHAMTI,KHAMTI,kham1290,Khamti,kht,Eurasia,27.6653,97.0359,Tai-Kadai,K’āmtī,52.,52,Sinitic,Tai-Chinese
VIETNAMESE,VIETNAMESE,viet1252,Vietnamese,vie,Eurasia,20.681188,105.774071,Austroasiatic,Annamese,,53,Sinitic,Tai-Chinese
PWOLITERARY,PWO_LITERARY,phra1235,Phrae Pwo Karen,kjt,Eurasia,18.0048,99.6382,Sino-Tibetan,"Pwo, literary",35.,54,Karen,
PWOBASSEIN,PWO_BASSEIN,pwow1235,Pwo Western Karen,pwo,Eurasia,17.3622,97.7044,Sino-Tibetan,Pwo Bassein,,55,Karen,
PWOMAULMEIN,PWO_MAULMEIN,pwoe1235,Pwo Eastern Karen,kjp,Eurasia,15.1915,98.7355,Sino-Tibetan,Pwo Maulmein,,56,Karen,
TAUNGTHU,TAUNGTHU,paok1235,Pa'o Karen,blk,Eurasia,20.211,97.5969,Sino-Tibetan,Taungθu,36.,57,Karen,
SGALITERARY,SGA_LITERARY,sgaw1245,S'gaw Karen,ksw,Eurasia,17.9872,97.7126,Sino-Tibetan,"Sgå, literary",34.,58,Karen,
SGASPOKEN,SGA_SPOKEN,sgaw1245,S'gaw Karen,,Eurasia,17.9872,97.7126,Sino-Tibetan,"Sgå, spoken",,59,Karen,
BWE,BWE,bwek1238,Bwe Karen,bwe,Eurasia,18.9796,96.9936,Sino-Tibetan,Bwè,32.,60,Karen,
WEWAW,WEWAW,wewa1238,Wewaw,wea,Eurasia,19.020577,96.540526,Sino-Tibetan,Wewaw,41a.,61,Karen,
KARENBYU,KARENBYU,geba1237,Geba Karen,kvq,Eurasia,19.4991,96.9492,Sino-Tibetan,Karenbyu,33.,62,Karen,
BRAEO,BRAEO,geba1237,Geba Karen,kvq,Eurasia,19.4991,96.9492,Sino-Tibetan,Bräo,,63,Karen,
KARENNI,KARENNI,east2342,Eastern Kayah,eky,Eurasia,19.8939,98.3359,Sino-Tibetan,Karenni,40.,64,Karen,
YINTALAE,YINTALAE,yint1235,Yintale Karen,kvy,Eurasia,18.9378,97.3368,Sino-Tibetan,Yintalä,,65,Karen,
SINHMAOMAEPAUK,SIN_HMAO_MAEPAUK,manu1255,Manumanaw Karen,kxf,Eurasia,19.165,96.9531,Sino-Tibetan,Sin-hmå Mäpauk,,66,Karen,
GHEKO,GHEKO,geko1235,Geko Karen,ghk,Eurasia,19.6741,96.5308,Sino-Tibetan,Gheko,39.,67,Karen,
PADAUNG,PADAUNG,kaya1315,Kayan Lahwi,pdu,Eurasia,19.5183,97.4138,Sino-Tibetan,Padaung,37.,68,Karen,
YEINBA,YEINBA,yinb1236,Yinbaw Karen,kvu,Eurasia,19.0383,97.2134,Sino-Tibetan,Yeinbå,38.,69,Karen,
MANOE,MANOE,manu1255,Manumanaw Karen,,Eurasia,19.165,96.9531,Sino-Tibetan,Manö,,70,Karen,
ZAVEIN,ZAVEIN,zaye1235,Lahta-Zayein Karen,kxk,Eurasia,20.16,96.908,Sino-Tibetan,Zayein,41.,71,Karen,
MOPWABILICHI,MOPWA_BILICHI,bili1249,Bilichi,kpp,Eurasia,18.8137,97.1203,Sino-Tibetan,"Mopwa, Bilichi",,72,Karen,
MOPWADERMUHA,MOPWA_DERMUHA,derm1238,Dermuha,kpp,Eurasia,18.8137,97.1203,Sino-Tibetan,"Mopwa, Dermuha",,73,Karen,
MIAOTSUHMONG,MIAO_TSU_(HMONG),pahn1237,Pa-Hng,pha,Eurasia,22.8049,105.165,Hmong-Mien,Miao-tsü (Hmōng),43.,74,Man,
HEMIAO,HE_MIAO,east2369,East Hmongic,,,,,Hmong-Mien,Hē-Miao,,75,Man,
PEMIAO,PE_MIAO,,,,,,,,Pē-Miao,,76,Man,
MAN,MAN,biao1256,Biao Mon,bmt,Eurasia,24.6451,113.469,Hmong-Mien,Man,,77,Man,
LANTENYAO,LANTEN_YAO,kimm1245,Kim Mun,mji,Eurasia,22.9856,105.024,Hmong-Mien,Lanten-Yao,42.,78,Man,
MANLANTIEN,MAN_LAN_TIEN,kimm1245,Kim Mun,mji,Eurasia,22.9856,105.024,Hmong-Mien,Man-lan-tiēn,,79,Man,
MANTAPAN,MAN_TA_PAN,kimm1245,Kim Mun,mji,Eurasia,22.9856,105.024,Hmong-Mien,Man-ta-pan,,80,Man,
MANCHATIORPATNI,MANCHATI_OR_PATNI,karb1241,Hills Karbi,mjw,Eurasia,25.7317,93.0462,Sino-Tibetan,Manchāṭī ,72.,81,Tibeto-Burman,Himalayan
CHAMBALAHULI,CHAMBA_LAHULI,cham1308,Chamba-Lahuli,lae,Eurasia,32.6963,76.5966,Sino-Tibetan,Chamba Lāhulī,73.,84,Tibeto-Burman,Himalayan
KANASHI,KANASHI,kana1283,Kanashi,xns,Eurasia,32.2843,77.1553,Sino-Tibetan,Kanāšī,76.,85,Tibeto-Burman,Himalayan
KANAURI,KANAURI,kinn1249,Kinnauri,kfk,Eurasia,31.3688,78.3148,Sino-Tibetan,Kanaurī,77.,86,Tibeto-Burman,Himalayan
RANGKAS,RANGKAS,rang1266,Rangkas,rgk,Eurasia,29.2278,80.0845,Sino-Tibetan,Rangkas,78.,87,Tibeto-Burman,Himalayan
DHIMAL,DHIMAL,dhim1246,Dhimal,dhi,Eurasia,26.6283,88.3798,Sino-Tibetan,D’īmāl,83.,88,Tibeto-Burman,Himalayan
THAMI,THAMI,than1259,Thangmi,thf,Eurasia,28.7554,85.7657,Sino-Tibetan,T’āmī,84.,89,Tibeto-Burman,Himalayan
LIMBU,LIMBU,limb1266,Limbu,lif,Eurasia,27.2703,87.8859,Sino-Tibetan,Limbū,85.,90,Tibeto-Burman,Himalayan
YAKHA,YAKHA,yakk1236,Yakkha,ybh,Eurasia,27.3714,87.9306,Sino-Tibetan,Yāk’ā,86.,91,Tibeto-Burman,Himalayan
KHAMBU,KHAMBU,kham1288,Khambu (Kulung),kle,Eurasia,27.1606,87.5717,Sino-Tibetan,K’ambū,87.,92,Tibeto-Burman,Himalayan
BAHING,BAHING,bahi1252,Bahing,bhj,Eurasia,27.3323,86.3949,Sino-Tibetan,Bāhing,90.,93,Tibeto-Burman,Himalayan
BALALI,BALALI,nort2727,Lohorung,lbr,Eurasia,27.5102,87.2157,Sino-Tibetan,Bālālī,91.,94,Tibeto-Burman,Himalayan
SANGPANG,SANGPANG,samp1249,Sampang,rav,Eurasia,27.2999,87.0019,Sino-Tibetan,Sāngpāng,92.,95,Tibeto-Burman,Himalayan
LOHORONG,LOHORONG,nort2727,Lohorung,lbr,Eurasia,27.5102,87.2157,Sino-Tibetan,Lōhōrông,93.,96,Tibeto-Burman,Himalayan
LAMBICHHONG,LAMBICHHONG,yakk1236,Yakkha,ybh,Eurasia,27.3714,87.9306,Sino-Tibetan,Lāmbich’ōng,94.,98,Tibeto-Burman,Himalayan
WALING,WALING,wali1261,Waling,wly,Eurasia,26.6369,86.4837,Sino-Tibetan,Wāling,95.,99,Tibeto-Burman,Himalayan
CHHINGTANG,CHHINGTANG,chhi1245,Chintang,ctn,Eurasia,26.961,87.1899,Sino-Tibetan,Ch’ingtāng,96.,100,Tibeto-Burman,Himalayan
RUNGCHHENBUNG,RUNGCHHENBUNG,bant1281,Bantawa,bap,Eurasia,27.12147,87.04738,Sino-Tibetan,Rūngch’ēnbūng,97.,101,Tibeto-Burman,Himalayan
DUNGMALI,DUNGMALI,dung1252,Dungmali,raa,Eurasia,26.9813,87.3328,Sino-Tibetan,Dūngmāli,98.,102,Tibeto-Burman,Himalayan
RODONGORCHAMLING,RODONG_OR_CHAMLING,caml1239,Camling,rab,Eurasia,27.3371,86.7612,Sino-Tibetan,Rōdōng,99.,103,Tibeto-Burman,Himalayan
NACHHERENG,NACHHERENG,nach1240,Nachering,ncd,Eurasia,27.4202,86.7001,Sino-Tibetan,Nāch’erēng,100.,106,Tibeto-Burman,Himalayan
KULUNG,KULUNG,kulu1253,Kulung (Nepal),kle,Eurasia,27.1606,87.5717,Sino-Tibetan,Kūlung,101.,107,Tibeto-Burman,Himalayan
THULUNG,THULUNG,drun1238,Drung,duu,Eurasia,28.00792,98.49449,Sino-Tibetan,T’ūlung,102.,108,Tibeto-Burman,Himalayan
CHAURASYA,CHAURASYA,wamb1257,Wambule,wme,Eurasia,27.14808,86.47646,Sino-Tibetan,Chaurāsya,103.,109,Tibeto-Burman,Himalayan
KHALING,KHALING,khal1275,Khaling,klr,Eurasia,27.3912,87.5053,Sino-Tibetan,K’āling,104.,110,Tibeto-Burman,Himalayan
DUMI,DUMI,dumi1241,Dumi,dus,Eurasia,27.45849,86.75699,Sino-Tibetan,Dūmī,105.,111,Tibeto-Burman,Himalayan
RAIORJIMDAR,RAI_OR_JIMDAR,athp1241,Athpariya,aph,Eurasia,26.8794,87.3296,Sino-Tibetan,Rai/Jimdār,88.,112,Tibeto-Burman,Himalayan
VAYUORHAYU,VAYU_OR_HAYU,wayu1241,Wayu,vay,Eurasia,27.3047,86.1227,Sino-Tibetan,Vāyu/Hāyu,106.,113,Tibeto-Burman,Himalayan
GURUNG,GURUNG,east2345,Eastern Gurung,ggn,Eurasia,28.4368,84.58145,Sino-Tibetan,Gurng,111.,114,Tibeto-Burman,Himalayan
MURMI,MURMI,west2415,Western Tamang,tdg,Eurasia,28.0239,85.0563,Sino-Tibetan,Murmi,112.,116,Tibeto-Burman,Himalayan
SUNWAR,SUNWAR,sunw1242,Sunwar,suz,Eurasia,27.5201,86.2476,Sino-Tibetan,Sunwār,113.,117,Tibeto-Burman,Himalayan
MAGARI,MAGARI,west2418,Western Magar,mrd,Eurasia,28.2462,83.511,Sino-Tibetan,Mãgarī,114.,118,Tibeto-Burman,Himalayan
NEWARI,NEWARI,newa1246,Kathmandu Valley Newari,new,Eurasia,27.67,85.326,Sino-Tibetan,Nēwārī,116.,119,Tibeto-Burman,Himalayan
PADIPAHRIORPAHI,PADI_PAHRI_OR_PAHI,newa1246,Kathmandu Valley Newari,new,Eurasia,27.67,85.326,Sino-Tibetan,Paḍ’ī /Pahrī/Pahī,117.,120,Tibeto-Burman,Himalayan
RONGORLEPCHA,RONG_OR_LEPCHA,lepc1244,Lepcha,lep,Eurasia,27.0869,88.5726,Sino-Tibetan,Róng/Lepcha,118.,121,Tibeto-Burman,Himalayan
TOTO,TOTO,toto1302,Toto,txo,Eurasia,26.67,88.975,Sino-Tibetan,Ṭōṭō,121.,122,Tibeto-Burman,Himalayan
AKA,AKA,hrus1242,Hruso,hru,Eurasia,27.27,92.63,Hruso,Aka,122.,123,Tibeto-Burman,Himalayan
ABOR,ABOR,bori1243,Bori-Karko,adi,Eurasia,27.62812,94.3538,Sino-Tibetan,Abor,123.,124,Tibeto-Burman,Himalayan
MIRI,MIRI,misi1242,Mising-Padam-Miri-Minyong,mrg,Eurasia,27.418,94.69,Sino-Tibetan,Miri,124.,125,Tibeto-Burman,Himalayan
DAFLA,DAFLA,nyis1236,Nyishi-Hill Miri,njz,Eurasia,27.278263,93.675529,Sino-Tibetan,Daflā,125.,126,Tibeto-Burman,Himalayan
MISHMIDIGARU,MISHMI_DIGARU,diga1241,Tawra,mhu,Eurasia,28.4993,96.8803,Sino-Tibetan,"Mišmi, Digārū",126.,127,Tibeto-Burman,Himalayan
MIJU,MIJU,miju1243,Kman,mxj,Eurasia,28.4732,97.0444,Sino-Tibetan,Mījū,,128,Tibeto-Burman,Himalayan
SIHIA,SI_HIA,tang1334,Tangut,txg,Eurasia,38.894904,102.246464,Sino-Tibetan,Si-hia,,129,Tibeto-Burman,Lolo-Mosho
LOLONI,LOLO_NI,axiy1235,Axi Yi,yix,Eurasia,24.6009,103.713,Sino-Tibetan,"Lolo, ˨˦Ñi",273.,130,Tibeto-Burman,Lolo-Mosho
AHI,A_HI,,,,,,,,A-hi,,133,Tibeto-Burman,Lolo-Mosho
LOLOPHO,LOLO_PHO,lagh1245,Laghuu,lgh,Eurasia,22.2674,103.929,Sino-Tibetan,Lo-lo p’o,,134,Tibeto-Burman,Lolo-Mosho
AKAKA,A_KA_KA,akha1245,Akha,ahk,Eurasia,21.2309,100.964,Sino-Tibetan,A-ka (Kå),276.,135,Tibeto-Burman,Lolo-Mosho
AKO,A_KO,akoo1247,Ako,ahk,Eurasia,21.2309,100.964,Sino-Tibetan,A-kö,277a.,136,Tibeto-Burman,Lolo-Mosho
LISU,LISU,lisu1250,Lisu,lis,Eurasia,26.91,98.94,Sino-Tibetan,Lisu,275.,137,Tibeto-Burman,Lolo-Mosho
LISHAOYAOYIN,LISHAO_YAOYIN,lisu1250,Lisu,lis,Eurasia,26.91,98.94,Sino-Tibetan,Lis’å ,,138,Tibeto-Burman,Lolo-Mosho
MOSHO,MO_SHO,lahu1253,Lahu,lhu,Eurasia,21.2701,100.214,Sino-Tibetan,Mo-s’o,274a.,141,Tibeto-Burman,Lolo-Mosho
LAHU,LAHU,lahu1253,Lahu,lhu,Eurasia,21.2701,100.214,Sino-Tibetan,Lahu,274b.,142,Tibeto-Burman,Lolo-Mosho
PYENORPYIN,PYEN_OR_PYIN,pyen1239,Pyen,pyy,Eurasia,20.759,100.029,Sino-Tibetan,Pyen /Pyin,277a.,143,Tibeto-Burman,Lolo-Mosho
NUNG,NUNG,nung1282,Nung (Myanmar),nun,Eurasia,27.2887,98.7333,Sino-Tibetan,Nung,277a.,145,Tibeto-Burman,Lolo-Mosho
GYAORUNG,GYAORUNG,jiar1240,Northern Gyalrong,jya,Eurasia,31.60295,102.22875,Sino-Tibetan,Gyårūng,,146,Tibeto-Burman,Tibetan
MANYAK,MANYAK,muya1239,Muya,mvm,Eurasia,29.8226,102.205,Sino-Tibetan,Mànyàk,,147,Tibeto-Burman,Tibetan
THAUCHU,THAUCHU,,,,,,,,T’auchū,,148,Tibeto-Burman,Tibetan
TAKPA,TAKPA,dakp1242,Dakpakha,dka,Eurasia,27.3762,91.8245,Sino-Tibetan,Tàkpà,,149,Tibeto-Burman,Tibetan
HAURPA,HAURPA,,,,,,,,Haurpà,,150,Tibeto-Burman,Tibetan
BHOTIATIBETANWRITTEN,BHOTIA_TIBETAN_WRITTEN,sikk1242,Sikkimese,sip,Eurasia,27.85795,88.59153,Sino-Tibetan,"B’ōṭiā, Tibetan, written",58.,151,Tibeto-Burman,Tibetan
BHOTIATIBETANSPOKEN,BHOTIA_TIBETAN_SPOKEN,sikk1242,Sikkimese,,Eurasia,27.85795,88.59153,Sino-Tibetan,"B’ōṭiā, Tibetan, spoken",,152,Tibeto-Burman,Tibetan
BALTI,BALTI,balt1258,Balti,bft,Eurasia,34.4491,77.2859,Sino-Tibetan,Baltī,59.,153,Tibeto-Burman,Tibetan
BHOTIAOFPURIK,BHOTIA_OF_PURIK,puri1258,Purik-Sham-Nubra,prx,Eurasia,34.3386,76.0127,Sino-Tibetan,of Purik,60.,154,Tibeto-Burman,Tibetan
LADAKHI,LADAKHI,lada1244,Leh Ladakhi,lbj,Eurasia,33.468,80.6013,Sino-Tibetan,Ladak’ī,61.,155,Tibeto-Burman,Tibetan
LADAKHIOFSPITI,LADAKHI_OF_SPITI,spit1240,Spiti Bhoti,spt,Eurasia,32.526,77.833,Sino-Tibetan,of Spiti,63.,156,Tibeto-Burman,Tibetan
KAGATE,KAGATE,kaga1252,Kagate,syw,Eurasia,27.4492,86.1675,Sino-Tibetan,Kāgate,70.,157,Tibeto-Burman,Tibetan
SHARPA,SHARPA,sher1255,Solu-Khumbu Sherpa,xsr,Eurasia,27.674,86.9994,Sino-Tibetan,Šarpa,67.,158,Tibeto-Burman,Tibetan
DANJONGKA,DANJONGKA,sikk1242,Sikkimese,sip,Eurasia,27.85795,88.59153,Sino-Tibetan,Dänjongkä,68.,159,Tibeto-Burman,Tibetan
HLOKE,HLOKE,lowa1242,Lowa,loy,Eurasia,29.0324,83.8959,Sino-Tibetan,Hloke,69.,160,Tibeto-Burman,Tibetan
BODOORBARA,BODO_OR_BARA,bodo1269,Bodo-Mech,brx,Eurasia,26.1,92.0,Sino-Tibetan,Bodo,128.,161,Tibeto-Burman,Bodo
LALUNG,LALUNG,tiwa1253,Tiwa (India),lax,Eurasia,26.0667,92.2583,Sino-Tibetan,Lālung,130.,164,Tibeto-Burman,Bodo
DIMASA,DIMA_SA,dima1251,Dimasa,dis,Eurasia,25.4198,93.1806,Sino-Tibetan,Dīmā-sā,131.,165,Tibeto-Burman,Bodo
GAROACHIK,GARO_ACHIK,garo1247,Garo,grt,Eurasia,25.2954,90.462,Sino-Tibetan,"Gārō, Āchik",135.,166,Tibeto-Burman,Bodo
KOCH,KOCH,koch1250,Koch,kdq,Eurasia,25.7962,90.2566,Sino-Tibetan,Kōch,142.,167,Tibeto-Burman,Bodo
TIPURA,TIPURA,kokb1239,Kok Borok,trp,Eurasia,23.1916,91.4673,Sino-Tibetan,Tipurā,151.,168,Tibeto-Burman,Bodo
DEURICHUTIYA,DEURI_CHUTIYA,deor1238,Deori,der,Eurasia,26.86152,93.70572,Sino-Tibetan,Deurī-Chutiyā,152.,169,Tibeto-Burman,Bodo
ANGAMI,ANGAMI,anga1288,Angami Naga,njm,Eurasia,25.6841,93.8668,Sino-Tibetan,Angāmi,154.,170,Tibeto-Burman,Naga
SEMA,SEMA,sumi1235,Sumi Naga,nsm,Eurasia,25.9996,94.4235,Sino-Tibetan,Semā,159.,171,Tibeto-Burman,Naga
RENGMA,RENGMA,nort2725,Northern Rengma Naga,nnl,Eurasia,26.4492,94.5683,Sino-Tibetan,Rengmā,162.,172,Tibeto-Burman,Naga
KEZAMA,KEZAMA,khez1235,Khezha Naga,nkh,Eurasia,25.7078,94.3114,Sino-Tibetan,Kēžāmā,165.,173,Tibeto-Burman,Naga
SOPVOMA,SOPVOMA,maon1238,Mao Naga,nbi,Eurasia,25.3836,94.0035,Sino-Tibetan,Sopvomā,194.,174,Tibeto-Burman,Naga
AO,AO,aona1235,Ao Naga,njo,Eurasia,26.3241,94.3824,Sino-Tibetan,Āo,166.,175,Tibeto-Burman,Naga
HLOTA,HLOTA,loth1237,Lotha Naga,njh,Eurasia,26.01396,94.04355,Sino-Tibetan,Hlōtā,169.,176,Tibeto-Burman,Naga
TENGSA,TENGSA,tase1235,Pangwa Naga,nst,Eurasia,27.2572,96.3855,Sino-Tibetan,Tengsa,170.,177,Tibeto-Burman,Naga
THUKUMI,THUKUMI,sang1321,Sangtam Naga,nsa,Eurasia,25.8581,94.6279,Sino-Tibetan,T’ukumi,171.,178,Tibeto-Burman,Naga
YACHUMI,YACHUMI,yimc1240,Yimchungru Naga,yim,Eurasia,25.7675,94.8087,Sino-Tibetan,Yachumi,172.,179,Tibeto-Burman,Naga
TABLENG,TABLENG,kony1248,Konyak Naga,nbe,Eurasia,26.6823,95.0598,Sino-Tibetan,Tableng,173.,180,Tibeto-Burman,Naga
TAMLU,TAMLU,phom1236,Phom Naga,nph,Eurasia,26.4715,94.7476,Sino-Tibetan,Tamlu,174.,181,Tibeto-Burman,Naga
BANPARA,BANPARA,wanc1238,Wancho Naga,nnp,Eurasia,26.2581,94.8936,Sino-Tibetan,Banparā,175.,182,Tibeto-Burman,Naga
NAMSANGIA,NAMSANGIA,noct1238,Nocte Naga,njb,Eurasia,27.152,95.3903,Sino-Tibetan,Namsangiā,178.,183,Tibeto-Burman,Naga
CHANG,CHANG,chan1313,Chang Naga,nbc,Eurasia,26.4336,94.9536,Sino-Tibetan,Chāng,179.,184,Tibeto-Burman,Naga
MOSHANG,MOSHANG,mosa1240,Muishaung,nst,Eurasia,27.0964,95.9001,Sino-Tibetan,Mōšāng,181.,185,Tibeto-Burman,Naga
EMPEO,EMPEO,zeme1240,Zeme Naga,nzm,Eurasia,25.3499,93.6463,Sino-Tibetan,Ēmpēo,183.,186,Tibeto-Burman,Naga
KABUI,KABUI,rong1266,Rongmei Naga,nbu,Eurasia,25.098,93.7869,Sino-Tibetan,Kabui,187.,187,Tibeto-Burman,Naga
KHOIRAO,KHOIRAO,than1255,Thangal Naga,nki,Eurasia,25.3472,93.8396,Sino-Tibetan,K’oirāo,188.,188,Tibeto-Burman,Naga
MIKIR,MIKIR,karb1241,Hills Karbi,mjw,Eurasia,25.7317,93.0462,Sino-Tibetan,Mikir,189.,189,Tibeto-Burman,Naga
MARAM,MARAM,mara1379,Maram Naga,nma,Eurasia,25.4378,94.2205,Sino-Tibetan,Marām,195.,190,Tibeto-Burman,Naga
KWOIRENG,KWOIRENG,lian1251,Liangmai Naga,njn,Eurasia,25.16,93.542,Sino-Tibetan,Kwoireng,197.,191,Tibeto-Burman,Naga
TANGKHUL,TANGKHUL,ukhr1238,Ukhrul,nmf,Eurasia,25.0489,94.3567,Sino-Tibetan,Tāngk’ul,199.,192,Tibeto-Burman,Naga
PHADANG,PHADANG,phad1238,Phadang,nmf,Eurasia,25.0489,94.3567,Sino-Tibetan,P’adāng,200.,193,Tibeto-Burman,Naga
KHANGOI,KHANGOI,khan1277,Southern Tangkhul Naga,nmf,Eurasia,25.74,94.25,Sino-Tibetan,K’angoi,201.,194,Tibeto-Burman,Naga
MARING,MARING,mari1416,Maring Naga,nng,Eurasia,24.2854,94.0723,Sino-Tibetan,Maring,202.,195,Tibeto-Burman,Naga
CHINGPAORKACHIN,CHINGPA_OR_KACHIN,kach1280,Southern Jinghpaw,kac,Eurasia,25.4634,97.3278,Sino-Tibetan,Chingpå/Kachin,204.,196,Tibeto-Burman,Kachin
MARAN,MARAN,,,,,,,,Maran,,197,Tibeto-Burman,Kachin
SINGPHO,SINGPHO,sing1264,Northern Jinghpaw,sgp,Eurasia,27.296,95.606,Sino-Tibetan,Singp’o,205.,198,Tibeto-Burman,Kachin
OLDMEITHEI,OLD_MEITHEI,,,omp,,,,,Old Meit’ei,,199,Tibeto-Burman,Kuki-Chin
MEITHEI,MEITHEI,mani1292,Manipuri,mni,Eurasia,24.4409,93.3426,Sino-Tibetan,Meit’ei,206.,200,Tibeto-Burman,Kuki-Chin
THADO,THADO,thad1238,Thado Chin,tcz,Eurasia,24.096,93.722,Sino-Tibetan,T’ādo,207.,201,Tibeto-Burman,Kuki-Chin
SIYIN,SIYIN,siyi1240,Sizang Chin,csy,Eurasia,23.8192,93.6884,Sino-Tibetan,Siyin,213.,202,Tibeto-Burman,Kuki-Chin
LAI,LAI,haka1240,Haka Chin,cnh,Eurasia,22.8735,92.8208,Sino-Tibetan,Lai,219.,203,Tibeto-Burman,Kuki-Chin
LUSHEI,LUSHEI,lush1249,Mizo,lus,Eurasia,22.6138,92.6247,Sino-Tibetan,LušēI,224.,204,Tibeto-Burman,Kuki-Chin
BANJOGI,BANJOGI,zotu1235,Zotung Chin,czt,Eurasia,22.5298,93.29,Sino-Tibetan,Banjōgi,227.,206,Tibeto-Burman,Kuki-Chin
PANKHU,PANKHU,pank1249,Pangkhua,pkh,Eurasia,22.4124,92.4581,Sino-Tibetan,Pānk’ū,228.,207,Tibeto-Burman,Kuki-Chin
HRANGKHOL,HRANGKHOL,hran1239,Hrangkhol,hra,Eurasia,24.4559,93.351,Sino-Tibetan,Hrāngk’ol,229.,208,Tibeto-Burman,Kuki-Chin
HALLAM,HALLAM,fala1243,Falam Chin,cfm,Eurasia,23.7892833333,92.3254633333,Sino-Tibetan,Hallām,232.,209,Tibeto-Burman,Kuki-Chin
LANGRONG,LANGRONG,khur1238,Khurai,aim,Eurasia,24.6437,94.3556,Sino-Tibetan,Langrong,236.,210,Tibeto-Burman,Kuki-Chin
AIMOL,AIMOL,aimo1244,Aimol,aim,Eurasia,24.6437,94.3556,Sino-Tibetan,Aimol,237.,211,Tibeto-Burman,Kuki-Chin
CHIRU,CHIRU,chir1283,Chiru,cdf,Eurasia,25.4643,94.4072,Sino-Tibetan,Chiru,238.,212,Tibeto-Burman,Kuki-Chin
KOLHRENG,KOLHRENG,kolh1240,Kolhreng,kmm,Eurasia,24.8688,94.534,Sino-Tibetan,Kolhreng,239.,213,Tibeto-Burman,Kuki-Chin
KOM,KOM,komi1270,Kom (India),kmm,Eurasia,24.8688,94.534,Sino-Tibetan,Kōm,240.,214,Tibeto-Burman,Kuki-Chin
PURUM,PURUM,puru1266,Purum,pub,Eurasia,25.3887,95.0935,Sino-Tibetan,Pūrūm,246.,215,Tibeto-Burman,Kuki-Chin
ANAL,ANAL,anal1239,Anal,anm,Eurasia,24.0506,94.2806,Sino-Tibetan,Anāl,247.,216,Tibeto-Burman,Kuki-Chin
HIROILAMGANG,HIROI_LAMGANG,lamk1238,Lamkang,lmk,Eurasia,24.1523,94.2706,Sino-Tibetan,Hirōi-Lamgāng,248.,217,Tibeto-Burman,Kuki-Chin
TAUNGTHA,TAUNGTHA,paok1235,Pa'o Karen,blk,Eurasia,20.211,97.5969,Sino-Tibetan,Taungθa,255.,218,Tibeto-Burman,Kuki-Chin
CHINBOK,CHINBOK,munc1235,Mün Chin,mwq,Eurasia,20.289,94.3929,Sino-Tibetan,Chinbōk,252.,219,Tibeto-Burman,Kuki-Chin
YAWDWIN,YAWDWIN,munc1235,Mün Chin,mwq,Eurasia,20.289,94.3929,Sino-Tibetan,Yådwin,,220,Tibeto-Burman,Kuki-Chin
CHINBON,CHINBON,chin1478,Chinbon Chin,cnb,Eurasia,20.0776,94.0506,Sino-Tibetan,Chinbōn,254.,221,Tibeto-Burman,Kuki-Chin
THAYETMYOCHIN,THAYETMYO_CHIN,thay1247,Thayetmyo,csh,Eurasia,21.393,93.5069,Sino-Tibetan,Thayetmyo Chin,,222,Tibeto-Burman,Kuki-Chin
SHOORKHYANG,SHO_OR_KHYANG,asho1236,Asho Chin,csh,Eurasia,21.393,93.5069,Sino-Tibetan,Šö/K’yang,256.,223,Tibeto-Burman,Kuki-Chin
KHAMI,KHAMI,kham1284,Khami,cnk,Eurasia,22.87125,92.9894633333,Sino-Tibetan,K’ami,257.,224,Tibeto-Burman,Kuki-Chin
ANDRO,ANDRO,kadu1254,Kadu,zkd,Eurasia,24.2042,95.6332,Sino-Tibetan,Andro,279.,225,Tibeto-Burman,Lui
SENGMAI,SENGMAI,kadu1254,Kadu,zkd,Eurasia,24.2042,95.6332,Sino-Tibetan,Sengmai,279.,226,Tibeto-Burman,Lui
CHAIREL,CHAIREL,chai1254,Chairel,,Eurasia,24.30438,93.866431,Sino-Tibetan,Chairel,280.,227,Tibeto-Burman,Lui
KADU,KADU,kadu1254,Kadu,zkd,Eurasia,24.2042,95.6332,Sino-Tibetan,Kadu,281.,228,Tibeto-Burman,Lui
SZIORATSI,SZI_OR_ATSI,zaiw1241,Zaiwa,atb,Eurasia,24.1726,98.3643,Sino-Tibetan,Szi/Atsi,261.,229,Tibeto-Burman,Burma
LASHIORLECHI,LASHI_OR_LECHI,lash1243,Lashi,lsi,Eurasia,26.0992,98.5481,Sino-Tibetan,Laši/Lechi,262.,230,Tibeto-Burman,Burma
MARU,MARU,maru1249,Maru,mhx,Eurasia,24.942535,99.8338,Sino-Tibetan,Maru,263.,231,Tibeto-Burman,Burma
MAINGTHAORNGACHANG,MAINGTHA_OR_NGACHANG,acha1249,Longchuan Achang,acn,Eurasia,24.3479,97.7438,Sino-Tibetan,Maingθa/Ngachang,260.,232,Tibeto-Burman,Burma
PHUNSAMONG,PHUN_SAMONG,hpon1238,Hpon,hpo,Eurasia,24.4606,97.1142,Sino-Tibetan,"P’un, Samong",272a.,233,Tibeto-Burman,Burma
MEGYAO,ME_GYAO,,,,,,,,Me-gyå,,234,Tibeto-Burman,Burma
MRU,MRU,mruu1242,Mru,mro,Eurasia,24.154,90.6317,Sino-Tibetan,Mrū,264.,235,Tibeto-Burman,Burma
BURMESEWRITTEN,BURMESE_WRITTEN,nucl1310,Burmese,mya,Eurasia,20.7926,93.9665,Sino-Tibetan,"Burmese, written",265.,236,Tibeto-Burman,Burma
BURMESESPOKEN,BURMESE_SPOKEN,nucl1310,Burmese,,Eurasia,20.7926,93.9665,Sino-Tibetan,"Burmese, spoken",,237,Tibeto-Burman,Burma
ARAKANESE,ARAKANESE,marm1234,Marma,rmz,Eurasia,22.759948,92.210748,Sino-Tibetan,Arakanese,266.,238,Tibeto-Burman,Burma
TAUNGYO,TAUNGYO,taun1248,Taungyo,tco,Eurasia,20.4104,96.7401,Sino-Tibetan,Taungyo,267.,239,Tibeto-Burman,Burma
DANU,DANU,danu1251,Danu,dnv,Eurasia,20.392,96.9388,Sino-Tibetan,Danu,269.,240,Tibeto-Burman,Burma
INTHA,INTHA,inth1239,Intha,int,Eurasia,20.392,96.9388,Sino-Tibetan,Inθa,268.,241,Tibeto-Burman,Burma
TAVOYAN,TAVOYAN,tavo1242,Tavoyan,tvn,Eurasia,14.1078,98.194,Sino-Tibetan,Tavoyan,270.,242,Tibeto-Burman,Burma
TAMIL,TAMIL,tami1289,Tamil,tam,Eurasia,10.520219,78.825989,Dravidian,Tamil̤,285.,243,Dravidian,
KORAVA,KORAVA,yeru1240,Yerukula,yeu,Eurasia,17.3702,81.9748,Dravidian,Korava,287.,244,Dravidian,
KAIKADI,KAIKADI,kaik1244,Kaikadi,kep,Eurasia,18.3859,76.0003,Dravidian,Kaikāḍī,291.,245,Dravidian,
IRULA,IRULA,irul1243,Irula of the Nilgiri,iru,Eurasia,12.70645,79.95209,Dravidian,Irula,289.,246,Dravidian,
MALAYALAM,MALAYALAM,mala1464,Malayalam,mal,Eurasia,9.59208,76.7651,Dravidian,Malayāḷam,294.,247,Dravidian,
KANARESE,KANARESE,nucl1305,Kannada,kan,Eurasia,13.5878,76.1198,Dravidian,Kanarese,297.,248,Dravidian,
BADAGA,BADAGA,bada1257,Badaga,bfq,Eurasia,11.3094,76.5974,Dravidian,Baḍaga,298.,249,Dravidian,
KODAGU,KODAGU,koda1255,Kodava,kfa,Eurasia,12.2443,75.9161,Dravidian,Koḍagu,301.,250,Dravidian,
TULU,TULU,tulu1258,Tulu,tcy,Eurasia,12.8114,75.2651,Dravidian,Tuḷu,302.,251,Dravidian,
TODA,TODA,toda1252,Toda,tcx,Eurasia,11.4184,77.0168,Dravidian,Toda,303.,252,Dravidian,
KOTA,KOTA,kota1263,Kota (India),kfe,Eurasia,11.4978,76.9387,Dravidian,Kōta,304.,253,Dravidian,
KURUXORORAO,KURUX_OR_ORAO,kuru1302,Indian Kurux,kru,Eurasia,24.4644,86.4657,Dravidian,Kurunꭓ,305.,254,Dravidian,
MALTOORMALER,MALTO_OR_MALER,kuma1274,Kumarbhag Paharia,kmj,Eurasia,24.1217,87.2699,Dravidian,Malto/Maler,307.,257,Dravidian,
KUIKANDHIORKHOND,KUI_KANDHI_OR_KHOND,kuii1252,Kui (India),kxu,Eurasia,19.2043,83.5859,Dravidian,Kui/Kand’ī/Khond,308.,258,Dravidian,
KOLAMI,KOLAMI,nort2699,Northwestern Kolami,kfb,Eurasia,20.1022,78.4934,Dravidian,Kōlāmī,310.,259,Dravidian,
GONDI,GONDI,sout2711,Southern Gondi,ggo,Eurasia,20.10446,80.27811,Dravidian,Gōṇḍi,314.,260,Dravidian,
TELUGU,TELUGU,telu1262,Telugu,tel,Eurasia,16.4529,78.7024,Dravidian,Telugu,320.,261,Dravidian,
BRAHUI,BRAHUI,brah1256,Brahui,brh,Eurasia,29.04,66.56,Dravidian,Brāhūī,328.,262,Dravidian,
ARABIC,ARABIC,stan1318,Standard Arabic,arb,Eurasia,27.9625,43.8525,Afro-Asiatic,Arabic,,263,Semitic,
OLDPERSIAN,OLD_PERSIAN,oldp1254,Old Persian (ca. 600-400 B.C.),peo,Eurasia,32.0,54.0,Indo-European,Old Persian,,264,"Indo-European Family, Aryan sub-family",Eranian
AVESTAN,AVESTAN,aves1237,Avestan,ave,Eurasia,34.217,62.112,Indo-European,Avesta,,265,"Indo-European Family, Aryan sub-family",Eranian
PAHLAVI,PAHLAVI,pahl1241,Pahlavi,pal,Eurasia,30.06,52.7,Indo-European,Pahlavī,,266,"Indo-European Family, Aryan sub-family",Eranian
PERSIAN,PERSIAN,west2369,Western Farsi,pes,Eurasia,32.9,53.3,Indo-European,Persian,331.,267,"Indo-European Family, Aryan sub-family",Eranian
PASHTOOFPESHAWAR,PASHTO_OF_PESHAWAR,nort2646,Northern Pashto,pbu,Eurasia,34.0,71.33,Indo-European,"Paṣ̌tō, of Peshawar",339.,268,"Indo-European Family, Aryan sub-family",Eranian
WAZIRI,WAZIRI,cent1973,Central Pashto,pst,Eurasia,31.9153,69.4529,Indo-European,Wazīrī,353.,269,"Indo-European Family, Aryan sub-family",Eranian
PASHTOOFKANDAHAR,PASHTO_OF_KANDAHAR,sout2649,Southern Pashto,pbt,Eurasia,31.5,65.7,Indo-European,of Kandahar,354.,270,"Indo-European Family, Aryan sub-family",Eranian
ORMURI,ORMURI,ormu1247,Ormuri,oru,Eurasia,32.6819,69.3444,Indo-European,Ōrmuṛī,360.,271,"Indo-European Family, Aryan sub-family",Eranian
BALOCHIMAKRANI,BALOCHI_MAKRANI,sout2642,Southern Balochi,bcc,Eurasia,26.0,64.0,Indo-European,"Balōchī, Makrānī",363.,272,"Indo-European Family, Aryan sub-family",Eranian
EASTERNBALOCHI,EASTERN_BALOCHI,east2304,Eastern Balochi,bgp,Eurasia,28.0,62.0,Indo-European,Eastern,366.,273,"Indo-European Family, Aryan sub-family",Eranian
WAXI,WAXI,wakh1245,Wakhi,wbl,Eurasia,37.1768,73.9777,Indo-European,Waꭓī,370.,274,"Indo-European Family, Aryan sub-family",Eranian
SHIYNI,SHIYNI,shug1248,Shughni,sgh,Eurasia,37.5018,71.7925,Indo-European,Šiɣnī,371.,275,"Indo-European Family, Aryan sub-family",Eranian
SARIKOLI,SARIKOLI,sari1246,Sarikoli,srh,Eurasia,37.905,75.1449,Indo-European,Sarīkolī,372.,276,"Indo-European Family, Aryan sub-family",Eranian
ISHKASHMIZEBAKI,ISHKASHMI_ZEBAKI,ishk1246,Ishkashimi,isk,Eurasia,36.67,71.55,Indo-European,"Iškāšmī, Zēbakī",376.,277,"Indo-European Family, Aryan sub-family",Eranian
MUNJANIORMUNGI,MUNJANI_OR_MUNGI,munj1244,Munji,mnj,Eurasia,35.9321,70.9404,Indo-European,Munjānī/Mungī,377.,278,"Indo-European Family, Aryan sub-family",Eranian
YUDYA,YUDYA,yidg1240,Yidgha,ydg,Eurasia,36.014,71.5077,Indo-European,Yüdɣa,378.,279,"Indo-European Family, Aryan sub-family",Eranian
BASHGALI,BASHGALI,kati1270,Katë,bsh,Eurasia,35.4145,70.9826,Indo-European,Bašgali,379.,280,"Indo-European Family, Aryan sub-family",Dardic or Pisacha
WAIALA,WAI_ALA,waig1243,Nuristani Kalasha,wbk,Eurasia,35.191171,70.993533,Indo-European,Wai-alā,380.,281,"Indo-European Family, Aryan sub-family",Dardic or Pisacha
WASIVERIORVERON,WASI_VERI_OR_VERON,pras1239,Prasun,prn,Eurasia,35.420531,70.922783,Indo-European,Wasĩ-veru/Veron,381.,282,"Indo-European Family, Aryan sub-family",Dardic or Pisacha
KALASHA,KALASHA,kala1372,Chitral Kalasha,kls,Eurasia,35.6415,71.6657,Indo-European,Kalāšā,383.,284,"Indo-European Family, Aryan sub-family",Dardic or Pisacha
GAWARBATI,GAWAR_BATI,gawa1247,Gawar-Bati,gwt,Eurasia,35.1982,71.5428,Indo-European,Gawar-bati,384.,285,"Indo-European Family, Aryan sub-family",Dardic or Pisacha
PASHAIEASTERN,PASHAI_EASTERN,sout2672,Southeast Pashayi,psi,Eurasia,34.66597,70.592042,Indo-European,"Pašai, Eastern",386.,286,"Indo-European Family, Aryan sub-family",Dardic or Pisacha
PASHAIWESTERN,PASHAI_WESTERN,sout2671,Southwest Pashayi,psh,Eurasia,34.8478,69.8734,Indo-European,"Pašai, Western",387.,287,"Indo-European Family, Aryan sub-family",Dardic or Pisacha
KHOWARORCHITRALI,KHOWAR_OR_CHITRALI,khow1242,Khowar,khw,Eurasia,36.0,72.0,Indo-European,K’ōwār/Chitrālī,390.,288,"Indo-European Family, Aryan sub-family",Dardic or Pisacha
SHINAGILGITI,SHINA_GILGITI,gilg1242,Gilgiti,scl,Eurasia,34.6515,75.287,Indo-European,"Šiṇā, Gilgitī",392.,289,"Indo-European Family, Aryan sub-family",Dardic or Pisacha
CHILASI,CHILASI,shin1264,Shina,scl,Eurasia,34.6515,75.287,Indo-European,Chilāsi,394.,290,"Indo-European Family, Aryan sub-family",Dardic or Pisacha
CHILASIOFDRAS,CHILASI_OF_DRAS,dras1242,Dras,scl,Eurasia,34.6515,75.287,Indo-European,of Drās,396.,291,"Indo-European Family, Aryan sub-family",Dardic or Pisacha
CHILASIOFDAHHANU,CHILASI_OF_DAH_HANU,brok1247,Brokskat,bkk,Eurasia,34.5308,76.6026,Indo-European,of Ḍāh-Hanū,397.,292,"Indo-European Family, Aryan sub-family",Dardic or Pisacha
KASHMIRI,KASHMIRI,kash1277,Kashmiri,kas,Eurasia,34.166825,74.330455,Indo-European,Kašmīrī,400.,293,"Indo-European Family, Aryan sub-family",Dardic or Pisacha
KASHTAWARI,KASHTAWARI,kish1245,Kishtwari,kas,Eurasia,34.166825,74.330455,Indo-European,Kašṭawāṛī,401.,294,"Indo-European Family, Aryan sub-family",Dardic or Pisacha
POGULI,POGULI,pogu1238,Poguli,kas,Eurasia,34.166825,74.330455,Indo-European,Pǒgulī,403.,295,"Indo-European Family, Aryan sub-family",Dardic or Pisacha
DODASIRAJI,DODA_SIRAJI,sira1264,Siraji of Doda,,Eurasia,33.143621,75.545125,Indo-European,Ḍōḍā Sirājī,404.,296,"Indo-European Family, Aryan sub-family",Dardic or Pisacha
RAMBANI,RAMBANI,ramb1240,Rambani,,Eurasia,33.143621,75.545125,Indo-European,Rāmbanī,405.,297,"Indo-European Family, Aryan sub-family",Dardic or Pisacha
KOHISTANIGARWI,KOHISTANI_GARWI,indu1241,Indus Kohistani,mvy,Eurasia,35.3389,73.0154,Indo-European,"Kōhistānī, Gārwī",408.,298,"Indo-European Family, Aryan sub-family",Dardic or Pisacha
TORWALI,TORWALI,torw1241,Torwali,trw,Eurasia,35.3101,72.5316,Indo-European,Tōrwālī,409.,299,"Indo-European Family, Aryan sub-family",Dardic or Pisacha
MAIYA,MAIYA,indu1241,Indus Kohistani,mvy,Eurasia,35.3389,73.0154,Indo-European,Maiyā̃,411.,300,"Indo-European Family, Aryan sub-family",Dardic or Pisacha
GYPSYEUROPEAN,GYPSY_EUROPEAN,roma1329,Romani,,Eurasia,,,Indo-European,"Gypsy, European",,301,"Indo-European Family, Aryan sub-family",Dardic or Pisacha
GYPSYSYRIAN,GYPSY_SYRIAN,doma1258,Domari,,Eurasia,32.0,35.0,Indo-European,"Gypsy, Syrian",,302,"Indo-European Family, Aryan sub-family",Dardic or Pisacha
SANSKRIT,SANSKRIT,sans1269,Sanskrit,san,Eurasia,20.0,77.0,Indo-European,Sanskrit,,303,"Indo-European Family, Aryan sub-family",Indo-Aryan
PRAKRIT,PRAKRIT,saur1252,Sauraseni Prakrit,psu,Eurasia,27.46,77.56,Indo-European,Prakrit,,304,"Indo-European Family, Aryan sub-family",Indo-Aryan
KHETRANI,KHETRANI,khet1238,Khetrani,xhe,Eurasia,30.4799,70.2828,Indo-European,K’ētrānī,430.,305,"Indo-European Family, Aryan sub-family",Indo-Aryan
LAHNDAOFSHAHPUR,LAHNDA_OF_SHAHPUR,west2386,Western Panjabi,pnb,Eurasia,30.0948,75.3474,Indo-European,"Lahndā, of Shahpur",417.,306,"Indo-European Family, Aryan sub-family",Indo-Aryan
MULTANI,MULTANI,mult1243,Multani,skr,Eurasia,29.5534,71.906,Indo-European,Mūltānī,426.,307,"Indo-European Family, Aryan sub-family",Indo-Aryan
HINDKI,HINDKI,sout2668,Southern Hindko,hnd,Eurasia,33.2122,72.1702,Indo-European,Hindkī,428.,308,"Indo-European Family, Aryan sub-family",Indo-Aryan
THALI,THALI,thal1241,Thali,skr,Eurasia,29.5534,71.906,Indo-European,T’aḷī,432.,309,"Indo-European Family, Aryan sub-family",Indo-Aryan
DHANNI,DHANNI,nort2662,Northern Hindko,hno,Eurasia,34.3202,73.3844,Indo-European,D’annī,433.,310,"Indo-European Family, Aryan sub-family",Indo-Aryan
TINAULI,TINAULI,nort2662,Northern Hindko,hno,Eurasia,34.3202,73.3844,Indo-European,Tināulī,435.,311,"Indo-European Family, Aryan sub-family",Indo-Aryan
TINAULIOFSALTRANGE,TINAULI_OF_SALT_RANGE,nort2662,Northern Hindko,hno,Eurasia,34.3202,73.3844,Indo-European,of Salt Range,442.,312,"Indo-European Family, Aryan sub-family",Indo-Aryan
POTHWARI,POTHWARI,poth1238,Pothwari,phr,Eurasia,33.6424,73.8071,Indo-European,Pōṭ’wārī,437.,313,"Indo-European Family, Aryan sub-family",Indo-Aryan
CHIBHALI,CHIBHALI,chib1247,Chibhali,phr,Eurasia,33.6424,73.8071,Indo-European,Chib’āli,440.,314,"Indo-European Family, Aryan sub-family",Indo-Aryan
PUNCHHI,PUNCHHI,punc1239,Punchhi,phr,Eurasia,33.6424,73.8071,Indo-European,Punch’ī,441.,315,"Indo-European Family, Aryan sub-family",Indo-Aryan
SINDHIVICHOLI,SINDHI_VICHOLI,sind1272,Sindhi,snd,Eurasia,26.0,69.0,Indo-European,"Sind’ī, Vichōlī",446.,316,"Indo-European Family, Aryan sub-family",Indo-Aryan
LARI,LARI,lari1254,Lari (Sindhi),snd,Eurasia,26.0,69.0,Indo-European,Lāṛī,450.,317,"Indo-European Family, Aryan sub-family",Indo-Aryan
KACHCHHI,KACHCHHI,kach1277,Kachchi,kfr,Eurasia,23.83,69.0,Indo-European,Kachch’ī,452.,318,"Indo-European Family, Aryan sub-family",Indo-Aryan
MARATHIDESHI,MARATHI_DESHI,mara1378,Marathi,mar,Eurasia,17.9344,76.6665,Indo-European,"Marāṭ’ī, Dēšī",456.,319,"Indo-European Family, Aryan sub-family",Indo-Aryan
NAGPURI,NAGPURI,varh1239,Varhadi-Nagpuri,vah,Eurasia,20.7139,79.7516,Indo-European,Nāgpurī,478.,320,"Indo-European Family, Aryan sub-family",Indo-Aryan
KONKANI,KONKANI,konk1267,Konkan Marathi,knn,Eurasia,18.404,73.994,Indo-European,Kōṅkaṇī,494.,321,"Indo-European Family, Aryan sub-family",Indo-Aryan
SINGHALESE,SINGHALESE,sinh1246,Sinhala,sin,Eurasia,8.0,81.0,Indo-European,Singhalese,499.,322,"Indo-European Family, Aryan sub-family",Indo-Aryan
ORIYA,ORIYA,oriy1255,Odia,ory,Eurasia,21.0,85.0,Indo-European,Oṛiyā,502.,323,"Indo-European Family, Aryan sub-family",Indo-Aryan
BIHARIMAITHILI,BIHARI_MAITHILI,mait1250,Maithili,mai,Eurasia,26.3817,86.2211,Indo-European,"Bihārī, Mait’ilī",507.,324,"Indo-European Family, Aryan sub-family",Indo-Aryan
MAGAHI,MAGAHI,maga1260,Magahi,mag,Eurasia,25.0915,85.3335,Indo-European,Magahī,516.,325,"Indo-European Family, Aryan sub-family",Indo-Aryan
BHOJPURINORTHERN,BHOJPURI_NORTHERN,nort2656,Northern Standard Bhojpuri,bho,Eurasia,26.458455,84.817115,Indo-European,"B’ojpurī, Northern",521.,326,"Indo-European Family, Aryan sub-family",Indo-Aryan
BHOJPURISOUTHERN,BHOJPURI_SOUTHERN,sout2661,Southern Standard Bhojpuri,bho,Eurasia,26.458455,84.817115,Indo-European,"B’ojpurī, Southern",520.,327,"Indo-European Family, Aryan sub-family",Indo-Aryan
NAGPURIA,NAGPURIA,sadr1248,Sadri,sck,Eurasia,23.6585,84.8114,Indo-European,Nagpuriā,526.,328,"Indo-European Family, Aryan sub-family",Indo-Aryan
BENGALIWRITTEN,BENGALI_WRITTEN,beng1280,Bengali,ben,Eurasia,24.0,90.0,Indo-European,"Bengali, written",530.,329,"Indo-European Family, Aryan sub-family",Indo-Aryan
BENGALISPOKEN,BENGALI_SPOKEN,beng1280,Bengali,,Eurasia,24.0,90.0,Indo-European,"Bengali, spoken",,330,"Indo-European Family, Aryan sub-family",Indo-Aryan
SOUTHWESTERNBENGALI,SOUTH_WESTERN_BENGALI,beng1280,Bengali,ben,Eurasia,24.0,90.0,Indo-European,South-western,537.,331,"Indo-European Family, Aryan sub-family",Indo-Aryan
SIRIPURIA,SIRIPURIA,siri1268,Siripuria,ben,Eurasia,24.0,90.0,Indo-European,Siripuriā,541.,332,"Indo-European Family, Aryan sub-family",Indo-Aryan
EASTERNBENGALI,EASTERN_BENGALI,east2744,Eastern Bengali,bgp,,,,Indo-European,"Bengali, Eastern",546.,333,"Indo-European Family, Aryan sub-family",Indo-Aryan
EASTERNBENGALIOFCACHAR,EASTERN_BENGALI_OF_CACHAR,sylh1242,Sylheti,syl,Eurasia,24.83724,92.25347,Indo-European,of Cachar,548.,334,"Indo-European Family, Aryan sub-family",Indo-Aryan
EASTERNBENGALIOFCHITTAGONG,EASTERN_BENGALI_OF_CHITTAGONG,chit1275,Chittagonian,ctg,Eurasia,20.831,93.1695,Indo-European,of Chittagong,550.,335,"Indo-European Family, Aryan sub-family",Indo-Aryan
CHAKMA,CHAKMA,chak1266,Chakma,ccp,Eurasia,23.00148,92.339,Indo-European,Chākmā,551.,336,"Indo-European Family, Aryan sub-family",Indo-Aryan
ASSAMESE,ASSAMESE,assa1263,Assamese,asm,Eurasia,26.0876,91.2932,Indo-European,Assamese,553.,337,"Indo-European Family, Aryan sub-family",Indo-Aryan
EASTERNHINDIAWADHI,EASTERN_HINDI_AWADHI,awad1243,Awadhi,awa,Eurasia,27.5907,82.4663,Indo-European,"Eastern Hindī, Awad’ī",558.,338,"Indo-European Family, Aryan sub-family",Indo-Aryan
BAGHELI,BAGHELI,bagh1251,Bagheli,bfy,Eurasia,24.6837,87.4994,Indo-European,Bag’ēlī,560.,339,"Indo-European Family, Aryan sub-family",Indo-Aryan
CHHATTISGARHI,CHHATTISGARHI,chha1249,Chhattisgarhi,hne,Eurasia,20.3601,82.0483,Indo-European,Ch’attīsgaṛ’ī,573.,340,"Indo-European Family, Aryan sub-family",Indo-Aryan
WESTERNHINDIHINDOSTANI,WESTERN_HINDI_HINDOSTANI,hind1269,Hindi,hin,Eurasia,25.0,77.0,Indo-European,"Western Hindī, Hindōstānī",582.,341,"Indo-European Family, Aryan sub-family",Indo-Aryan
VERNACULARHINDOSTANI,VERNACULAR_HINDOSTANI,hind1269,Hindi,hin,Eurasia,25.0,77.0,Indo-European,Vernacular Hindōstānī,583.,342,"Indo-European Family, Aryan sub-family",Indo-Aryan
DAKHINI,DAKHINI,decc1239,Deccan Marathi,dcc,Eurasia,18.5919,75.717,Indo-European,Dak’inī,587.,343,"Indo-European Family, Aryan sub-family",Indo-Aryan
BANGARU,BANGARU,hary1238,Haryanvi,bgc,Eurasia,29.0166,76.0432,Indo-European,Bāngarū,589.,344,"Indo-European Family, Aryan sub-family",Indo-Aryan
BRAJBHAKHA,BRAJ_BHAKHA,braj1242,Braj,bra,Eurasia,26.4758,78.0813,Indo-European,Braj B’āk’ā,593.,345,"Indo-European Family, Aryan sub-family",Indo-Aryan
KANAUJI,KANAUJI,kana1281,Kanauji,bjj,Eurasia,27.1074,79.2883,Indo-European,Kanaujī,605.,346,"Indo-European Family, Aryan sub-family",Indo-Aryan
BUNDELI,BUNDELI,bund1253,Bundeli,bns,Eurasia,24.8982,78.9542,Indo-European,Bundēlī,611.,347,"Indo-European Family, Aryan sub-family",Indo-Aryan
BANAPHARI,BANAPHARI,bana1281,Banaphari,bns,Eurasia,24.8982,78.9542,Indo-European,Banāp’arī,616.,348,"Indo-European Family, Aryan sub-family",Indo-Aryan
PANJABIWRITTEN,PANJABI_WRITTEN,panj1256,Eastern Panjabi,pan,Eurasia,30.0368,75.6702,Indo-European,"Pañjābī, written",633.,349,"Indo-European Family, Aryan sub-family",Indo-Aryan
PANJABISPOKEN,PANJABI_SPOKEN,panj1256,Eastern Panjabi,,Eurasia,30.0368,75.6702,Indo-European,"Pañjābī, spoken",,350,"Indo-European Family, Aryan sub-family",Indo-Aryan
POWADHI,POWADHI,powa1246,Powari,pwr,Eurasia,21.797,79.239,Indo-European,Pōwād’ī,639.,351,"Indo-European Family, Aryan sub-family",Indo-Aryan
DOGRI,DOGRI,dogr1250,Dogri,dgo,Eurasia,32.5534,75.7111,Indo-European,Ḍōgrī,648.,352,"Indo-European Family, Aryan sub-family",Indo-Aryan
KANGRA,KANGRA,kang1280,Kangri,xnr,Eurasia,31.915,76.366,Indo-European,Kāṅgrā,650.,353,"Indo-European Family, Aryan sub-family",Indo-Aryan
GUJARATISTANDARD,GUJARATI_STANDARD,guja1252,Gujarati,guj,Eurasia,22.687,71.0962,Indo-European,"Gujarātī, Standard",653.,354,"Indo-European Family, Aryan sub-family",Indo-Aryan
CHAROTARI,CHAROTARI,guja1252,Gujarati,guj,Eurasia,22.687,71.0962,Indo-European,Charōtarī,661.,355,"Indo-European Family, Aryan sub-family",Indo-Aryan
KATHIYAWADI,KATHIYAWADI,kath1249,Kathiyawadi,guj,Eurasia,22.687,71.0962,Indo-European,Kāṭ’iyāwāḍī,666.,356,"Indo-European Family, Aryan sub-family",Indo-Aryan
KHARAWA,KHARAWA,khar1282,Kharwa,guj,Eurasia,22.687,71.0962,Indo-European,K’ārawā,673.,357,"Indo-European Family, Aryan sub-family",Indo-Aryan
GHISADI,GHISADI,guja1252,Gujarati,guj,Eurasia,22.687,71.0962,Indo-European,G’isāḍī,676.,360,"Indo-European Family, Aryan sub-family",Indo-Aryan
RAJASTHANIMARWARI,RAJASTHANI_MARWARI,marw1260,Marwari (India),rwr,Eurasia,27.002,75.0656,Indo-European,"Rājast’ānī, Mārwāṛi",713.,361,"Indo-European Family, Aryan sub-family",Indo-Aryan
JAIPURI,JAIPURI,dhun1238,Dhundari,dhd,Eurasia,26.473,76.198,Indo-European,Jaipuri,742.,362,"Indo-European Family, Aryan sub-family",Indo-Aryan
MEWATI,MEWATI,mewa1249,Mewari,mtr,Eurasia,24.57,73.68,Indo-European,Mēwātī,755.,363,"Indo-European Family, Aryan sub-family",Indo-Aryan
GUJURIOFHAZARA,GUJURI_OF_HAZARA,guja1253,Gujari,gju,Eurasia,33.7,75.11,Indo-European,Gujurī of Hazara,777.,364,"Indo-European Family, Aryan sub-family",Indo-Aryan
MALVI,MALVI,malv1243,Malvi,mup,Eurasia,23.488,75.562,Indo-European,Mālvī,761.,365,"Indo-European Family, Aryan sub-family",Indo-Aryan
NIMADI,NIMADI,nima1243,Nimadi,noe,Eurasia,22.1263,76.1264,Indo-European,Nīmāḍī,770.,366,"Indo-European Family, Aryan sub-family",Indo-Aryan
LABHANIOFBERAR,LABHANI_OF_BERAR,lamb1269,Lambadi,lmn,Eurasia,16.5734,76.9717,Indo-European,Lab’ānī of Berar,771.,367,"Indo-European Family, Aryan sub-family",Indo-Aryan
KHANDESI,KHANDESI,khan1272,Khandesi,khn,Eurasia,21.3181,74.142,Indo-European,K’āndēšī,708.,368,"Indo-European Family, Aryan sub-family",Indo-Aryan
BHILI,BHILI,bhil1251,Bhili,bhb,Eurasia,20.85,73.9592,Indo-European,B’īlī,678.,369,"Indo-European Family, Aryan sub-family",Indo-Aryan
EASTERNPAHARIORKHASKURA,EASTERN_PAHARI_OR_KHAS_KURA,nepa1254,Nepali,npi,Eurasia,28.0,85.0,Indo-European,Eastern Pahāṛī/K’as-kurā,782.,370,"Indo-European Family, Aryan sub-family",Indo-Aryan
CENTRALPAHARIKUMAUNI,CENTRAL_PAHARI_KUMAUNI,kuma1273,Kumaoni,kfy,Eurasia,29.5622,80.0171,Indo-European,"Central Pahāṛī, Kumaunī",785.,371,"Indo-European Family, Aryan sub-family",Indo-Aryan
GARHWALI,GARHWALI,garh1243,Garhwali,gbm,Eurasia,30.5061,78.7201,Indo-European,Gaṛ’wālī,805.,372,"Indo-European Family, Aryan sub-family",Indo-Aryan
WESTERNPAHARIJAUNSARI,WESTERN_PAHARI_JAUNSARI,jaun1243,Jaunsari,jns,Eurasia,30.5587,77.9084,Indo-European,"Western Pahāṛī, Jaunsārī",815.,373,"Indo-European Family, Aryan sub-family",Indo-Aryan
SIRMAURI,SIRMAURI,sirm1239,Sirmauri,srx,Eurasia,31.1,77.17,Indo-European,Sirmaurī,816.,374,"Indo-European Family, Aryan sub-family",Indo-Aryan
BAGHATI,BAGHATI,bagh1249,Baghati,bfz,Eurasia,31.194,77.0471,Indo-European,Bag’āṭī,820.,375,"Indo-European Family, Aryan sub-family",Indo-Aryan
KIUTHALI,KIUTHALI,kiun1241,Kiunthali,bfz,Eurasia,31.0088,77.5317,Indo-European,Kiū̃ṭ’alī,822.,376,"Indo-European Family, Aryan sub-family",Indo-Aryan
SHODOCHI,SHODOCHI,maha1287,Mahasu Pahari,bfz,Eurasia,31.0088,77.5317,Indo-European,Šǒdōchī,830.,377,"Indo-European Family, Aryan sub-family",Indo-Aryan
KULUI,KULUI,kllu1238,Kullui,kfx,Eurasia,31.8339,77.3772,Indo-European,Kuḷuī,833.,378,"Indo-European Family, Aryan sub-family",Indo-Aryan
MANDEALI,MANDEALI,mand1409,Mandeali,mjl,Eurasia,31.5425,77.0419,Indo-European,Maṇḍěāḷī,837.,379,"Indo-European Family, Aryan sub-family",Indo-Aryan
CHAMEALI,CHAMEALI,cham1307,Chambeali,cdh,Eurasia,32.5476,76.1796,Indo-European,Chaměaḷī,842.,380,"Indo-European Family, Aryan sub-family",Indo-Aryan
GADI,GADI,gadi1238,Gadi Chameali,cdh,Eurasia,32.5476,76.1796,Indo-European,Gādī,843.,381,"Indo-European Family, Aryan sub-family",Indo-Aryan
PANGWALI,PANGWALI,pang1282,Pangwali,pgg,Eurasia,32.9753,76.5569,Indo-European,Paṅgwāḷī,845.,382,"Indo-European Family, Aryan sub-family",Indo-Aryan
BHADRAWAHI,BHADRAWAHI,bhad1241,Bhadrawahi,bhd,Eurasia,33.2851,75.8707,Indo-European,B’adrawāhī,847.,383,"Indo-European Family, Aryan sub-family",Indo-Aryan
PADARI,PADARI,pada1256,Padari,bhd,Eurasia,33.2851,75.8707,Indo-European,Pāḍarī,849.,384,"Indo-European Family, Aryan sub-family",Indo-Aryan
